=== Run information ===,,,,
,,,,
Scheme:       weka.classifiers.meta.AdditiveRegression -S 1.0 -I 10 -W weka.classifiers.trees.DecisionStump,,,,
Relation:     Book1_AAll_WEKATrain-weka.filters.unsupervised.attribute.Remove-R1,,,,
Instances:    50000,,,,
Attributes:   4,,,,
              ACC_X,,,,
              ACC_Y,,,,
              ACC_Z,,,,
              Sensor Location,,,,
Test mode:    evaluate on training data,,,,
,,,,
=== Classifier model (full training set) ===,,,,
,,,,
Additive Regression,,,,
,,,,
Initial prediction: 2.0,,,,
,,,,
Base classifier weka.classifiers.trees.DecisionStump,,,,
,,,,
10 models generated.,,,,
,,,,
Model number 0,,,,
,,,,
Decision Stump,,,,
,,,,
Classifications,,,,
,,,,
ACC_X <= 0.9169015 : -0.760366793800211,,,,
ACC_X > 0.9169015 : 0.24871264001698784,,,,
ACC_X is missing : 0.0,,,,
,,,,
,,,,
Model number 1,,,,
,,,,
Decision Stump,,,,
,,,,
Classifications,,,,
,,,,
ACC_Y <= -3.4820539999999998 : -0.08865053657286237,,,,
ACC_Y > -3.4820539999999998 : 0.7392977195364758,,,,
ACC_Y is missing : 0.08462069331634547,,,,
,,,,
,,,,
Model number 2,,,,
,,,,
Decision Stump,,,,
,,,,
Classifications,,,,
,,,,
ACC_X <= 6.011615 : 0.23035397669835522,,,,
ACC_X > 6.011615 : -0.36181209571729417,,,,
ACC_X is missing : -0.1873322154635837,,,,
,,,,
,,,,
Model number 3,,,,
,,,,
Decision Stump,,,,
,,,,
Classifications,,,,
,,,,
ACC_X <= 2.5479195 : -0.2726727290522006,,,,
ACC_X > 2.5479195 : 0.1837323072524283,,,,
ACC_X is missing : 0.0,,,,
,,,,
,,,,
Model number 4,,,,
,,,,
Decision Stump,,,,
,,,,
Classifications,,,,
,,,,
ACC_X <= 7.080401999999999 : 0.10705624723782729,,,,
ACC_X > 7.080401999999999 : -0.2660956764338647,,,,
ACC_X is missing : 0.0,,,,
,,,,
,,,,
Model number 5,,,,
,,,,
Decision Stump,,,,
,,,,
Classifications,,,,
,,,,
ACC_X <= 8.084384499999999 : -0.054910087250990704,,,,
ACC_X > 8.084384499999999 : 0.44252416393364585,,,,
ACC_X is missing : 0.0,,,,
,,,,
,,,,
Model number 6,,,,
,,,,
Decision Stump,,,,
,,,,
Classifications,,,,
,,,,
ACC_Y <= -6.0016675 : 0.062022073082458794,,,,
ACC_Y > -6.0016675 : -0.22166643461686922,,,,
ACC_Y is missing : -0.1619624197345342,,,,
,,,,
,,,,
Model number 7,,,,
,,,,
Decision Stump,,,,
,,,,
Classifications,,,,
,,,,
ACC_Z <= 0.5102245000000001 : -0.06213500955718709,,,,
ACC_Z > 0.5102245000000001 : 0.17042921418142828,,,,
ACC_Z is missing : 0.13967408527925942,,,,
,,,,
,,,,
Model number 8,,,,
,,,,
Decision Stump,,,,
,,,,
Classifications,,,,
,,,,
ACC_Z <= -1.9024904999999999 : 0.22898590436251695,,,,
ACC_Z > -1.9024904999999999 : -0.03351192537243221,,,,
ACC_Z is missing : 0.0,,,,
,,,,
,,,,
Model number 9,,,,
,,,,
Decision Stump,,,,
,,,,
Classifications,,,,
,,,,
ACC_Y <= -9.778197500000001 : -0.09834279547166347,,,,
ACC_Y > -9.778197500000001 : 0.02718479952990553,,,,
ACC_Y is missing : 0.018125527016747495,,,,
,,,,
,,,,
,,,,
Time taken to build model: 0.34 seconds,,,,
,,,,
=== Evaluation on training set ===,,,,
,,,,
Time taken to test model on training data: 0.03 seconds,,,,
,,,,
=== Summary ===,,,,
,,,,
Correlation coefficient                  0.8903,,,,0.79263409
Mean absolute error                      0.2334,,,,
Root mean squared error                  0.3528,,,,
Relative absolute error                 38.8923 %,,,,
Root relative squared error             45.5458 %,,,,
Total Number of Instances            50000     ,,,,
