=== Run information ===,,,,
,,,,
"Scheme:       weka.classifiers.lazy.IBk -K 1 -W 0 -A ""weka.core.neighboursearch.LinearNNSearch -A \""weka.core.EuclideanDistance -R first-last\""""",,,,
Relation:     Book1_AAll_WEKATrain-weka.filters.unsupervised.attribute.Remove-R1,,,,
Instances:    50000,,,,
Attributes:   4,,,,
              ACC_X,,,,
              ACC_Y,,,,
              ACC_Z,,,,
              Sensor Location,,,,
Test mode:    evaluate on training data,,,,
,,,,
=== Classifier model (full training set) ===,,,,
,,,,
IB1 instance-based classifier,,,,
using 1 nearest neighbour(s) for classification,,,,
,,,,
,,,,
Time taken to build model: 0 seconds,,,,
,,,,
=== Evaluation on training set ===,,,,
,,,,
Time taken to test model on training data: 59.4 seconds,,,,
,,,,
=== Summary ===,,,,
,,,,
Correlation coefficient                  0.9999,,,,0.99980001
Mean absolute error                      0.0002,,,,
Root mean squared error                  0.0114,,,,
Relative absolute error                  0.0298 %,,,,
Root relative squared error              1.4692 %,,,,
Total Number of Instances            50000     ,,,,
