=== Run information ===,,,,
,,,,
"Scheme:       weka.classifiers.lazy.IBk -K 1 -W 0 -A ""weka.core.neighboursearch.LinearNNSearch -A \""weka.core.EuclideanDistance -R first-last\""""",,,,
Relation:     Book1_AAll_WEKATrain-weka.filters.unsupervised.attribute.Remove-R1,,,,
Instances:    50000,,,,
Attributes:   4,,,,
              ACC_X,,,,
              ACC_Y,,,,
              ACC_Z,,,,
              Sensor Location,,,,
Test mode:    10-fold cross-validation,,,,
,,,,
=== Classifier model (full training set) ===,,,,
,,,,
IB1 instance-based classifier,,,,
using 1 nearest neighbour(s) for classification,,,,
,,,,
,,,,
Time taken to build model: 0.01 seconds,,,,
,,,,
,,,,
=== Classifier model for fold 1 ===,,,,
,,,,
IB1 instance-based classifier,,,,
using 1 nearest neighbour(s) for classification,,,,
,,,,
,,,,
=== Classifier model for fold 2 ===,,,,
,,,,
IB1 instance-based classifier,,,,
using 1 nearest neighbour(s) for classification,,,,
,,,,
,,,,
=== Classifier model for fold 3 ===,,,,
,,,,
IB1 instance-based classifier,,,,
using 1 nearest neighbour(s) for classification,,,,
,,,,
,,,,
=== Classifier model for fold 4 ===,,,,
,,,,
IB1 instance-based classifier,,,,
using 1 nearest neighbour(s) for classification,,,,
,,,,
,,,,
=== Classifier model for fold 5 ===,,,,
,,,,
IB1 instance-based classifier,,,,
using 1 nearest neighbour(s) for classification,,,,
,,,,
,,,,
=== Classifier model for fold 6 ===,,,,
,,,,
IB1 instance-based classifier,,,,
using 1 nearest neighbour(s) for classification,,,,
,,,,
,,,,
=== Classifier model for fold 7 ===,,,,
,,,,
IB1 instance-based classifier,,,,
using 1 nearest neighbour(s) for classification,,,,
,,,,
,,,,
=== Classifier model for fold 8 ===,,,,
,,,,
IB1 instance-based classifier,,,,
using 1 nearest neighbour(s) for classification,,,,
,,,,
,,,,
=== Classifier model for fold 9 ===,,,,
,,,,
IB1 instance-based classifier,,,,
using 1 nearest neighbour(s) for classification,,,,
,,,,
,,,,
=== Classifier model for fold 10 ===,,,,
,,,,
IB1 instance-based classifier,,,,
using 1 nearest neighbour(s) for classification,,,,
,,,,
=== Cross-validation ===,,,,
=== Summary ===,,,,
,,,,
Correlation coefficient                  0.9974,,,,0.99480676
Mean absolute error                      0.0032,,,,
Root mean squared error                  0.0563,,,,
Relative absolute error                  0.5362 %,,,,
Root relative squared error              7.2691 %,,,,
Total Number of Instances            50000     ,,,,
