=== Run information ===,,,,
,,,,
Scheme:       weka.classifiers.functions.LinearRegression -S 0 -R 1.0E-8 -num-decimal-places 4 -batch-size 200,,,,
Relation:     Book1_AAll_WEKATrain-weka.filters.unsupervised.attribute.Remove-R1,,,,
Instances:    50000,,,,
Attributes:   4,,,,
              ACC_X,,,,
              ACC_Y,,,,
              ACC_Z,,,,
              Sensor Location,,,,
Test mode:    evaluate on training data,,,,
,,,,
=== Classifier model (full training set) ===,,,,
,,,,
,,,,
Linear Regression Model,,,,
,,,,
Sensor Location =,,,,
,,,,
      0.0503 * ACC_X +,,,,
      0.0781 * ACC_Y +,,,,
     -0.0591 * ACC_Z +,,,,
2.3614,,,,
,,,,
Time taken to build model: 0.02 seconds,,,,
,,,,
=== Evaluation on training set ===,,,,
,,,,
Time taken to test model on training data: 0.02 seconds,,,,
,,,,
=== Summary ===,,,,
,,,,
Correlation coefficient                  0.4306,,,,0.18541636
Mean absolute error                      0.597 ,,,,
Root mean squared error                  0.6991,,,,
Relative absolute error                 99.4983 %,,,,
Root relative squared error             90.2535 %,,,,
Total Number of Instances            50000     ,,,,
