=== Run information ===,,,,
,,,,
Scheme:       weka.classifiers.functions.MultilayerPerceptron -L 0.3 -M 0.2 -N 500 -V 0 -S 0 -E 20 -H a,,,,
Relation:     Book1_AAll_WEKATrain-weka.filters.unsupervised.attribute.Remove-R1,,,,
Instances:    50000,,,,
Attributes:   4,,,,
              ACC_X,,,,
              ACC_Y,,,,
              ACC_Z,,,,
              Sensor Location,,,,
Test mode:    evaluate on training data,,,,
,,,,
=== Classifier model (full training set) ===,,,,
,,,,
Linear Node 0,,,,
    Inputs    Weights,,,,
    Threshold    -0.1798120561025823,,,,
    Node 1    -2.0541775529503066,,,,
    Node 2    0.9581335907214774,,,,
Sigmoid Node 1,,,,
    Inputs    Weights,,,,
    Threshold    -7.675317850447837,,,,
    Attrib ACC_X    -19.082752784589122,,,,
    Attrib ACC_Y    -4.730597489906918,,,,
    Attrib ACC_Z    19.579818319770784,,,,
Sigmoid Node 2,,,,
    Inputs    Weights,,,,
    Threshold    33.26872308034545,,,,
    Attrib ACC_X    -112.83157135283554,,,,
    Attrib ACC_Y    94.09119140765002,,,,
    Attrib ACC_Z    11.364611628973568,,,,
Class ,,,,
    Input,,,,
    Node 0,,,,
,,,,
,,,,
Time taken to build model: 6.67 seconds,,,,
,,,,
=== Evaluation on training set ===,,,,
,,,,
Time taken to test model on training data: 0.03 seconds,,,,
,,,,
=== Summary ===,,,,
,,,,
Correlation coefficient                  0.8186,,,,0.67010596
Mean absolute error                      0.3316,,,,
Root mean squared error                  0.4514,,,,
Relative absolute error                 55.2716 %,,,,
Root relative squared error             58.2761 %,,,,
Total Number of Instances            50000     ,,,,
