=== Run information ===,,,,
,,,,
Scheme:       weka.classifiers.trees.RandomForest -P 100 -I 100 -num-slots 1 -K 0 -M 1.0 -V 0.001 -S 1 -batch-size 200,,,,
Relation:     Book1_AAll_WEKATrain-weka.filters.unsupervised.attribute.Remove-R1,,,,
Instances:    50000,,,,
Attributes:   4,,,,
              ACC_X,,,,
              ACC_Y,,,,
              ACC_Z,,,,
              Sensor Location,,,,
Test mode:    evaluate on training data,,,,
,,,,
=== Classifier model (full training set) ===,,,,
,,,,
RandomForest,,,,
,,,,
Bagging with 100 iterations and base learner,,,,
,,,,
weka.classifiers.trees.RandomTree -K 0 -M 1.0 -V 0.001 -S 1 -do-not-check-capabilities -batch-size 200,,,,
,,,,
Time taken to build model: 4.93 seconds,,,,
,,,,
=== Evaluation on training set ===,,,,
,,,,
Time taken to test model on training data: 0.66 seconds,,,,
,,,,
=== Summary ===,,,,
,,,,
Correlation coefficient                  0.9997,,,,0.99940009
Mean absolute error                      0.0018,,,,
Root mean squared error                  0.0201,,,,
Relative absolute error                  0.2957 %,,,,
Root relative squared error              2.5895 %,,,,
Total Number of Instances            50000     ,,,,
