=== Run information ===,,,,
,,,,
Scheme:       weka.classifiers.trees.RandomForest -P 100 -I 100 -num-slots 1 -K 0 -M 1.0 -V 0.001 -S 1 -batch-size 200,,,,
Relation:     Book1_AAll_WEKATrain-weka.filters.unsupervised.attribute.Remove-R1,,,,
Instances:    50000,,,,
Attributes:   4,,,,
              ACC_X,,,,
              ACC_Y,,,,
              ACC_Z,,,,
              Sensor Location,,,,
Test mode:    10-fold cross-validation,,,,
,,,,
=== Classifier model (full training set) ===,,,,
,,,,
RandomForest,,,,
,,,,
Bagging with 100 iterations and base learner,,,,
,,,,
weka.classifiers.trees.RandomTree -K 0 -M 1.0 -V 0.001 -S 1 -do-not-check-capabilities -batch-size 200,,,,
,,,,
Time taken to build model: 4.94 seconds,,,,
,,,,
,,,,
=== Classifier model for fold 1 ===,,,,
,,,,
RandomForest,,,,
,,,,
Bagging with 100 iterations and base learner,,,,
,,,,
weka.classifiers.trees.RandomTree -K 0 -M 1.0 -V 0.001 -S 1 -do-not-check-capabilities -batch-size 200,,,,
,,,,
=== Classifier model for fold 2 ===,,,,
,,,,
RandomForest,,,,
,,,,
Bagging with 100 iterations and base learner,,,,
,,,,
weka.classifiers.trees.RandomTree -K 0 -M 1.0 -V 0.001 -S 1 -do-not-check-capabilities -batch-size 200,,,,
,,,,
=== Classifier model for fold 3 ===,,,,
,,,,
RandomForest,,,,
,,,,
Bagging with 100 iterations and base learner,,,,
,,,,
weka.classifiers.trees.RandomTree -K 0 -M 1.0 -V 0.001 -S 1 -do-not-check-capabilities -batch-size 200,,,,
,,,,
=== Classifier model for fold 4 ===,,,,
,,,,
RandomForest,,,,
,,,,
Bagging with 100 iterations and base learner,,,,
,,,,
weka.classifiers.trees.RandomTree -K 0 -M 1.0 -V 0.001 -S 1 -do-not-check-capabilities -batch-size 200,,,,
,,,,
=== Classifier model for fold 5 ===,,,,
,,,,
RandomForest,,,,
,,,,
Bagging with 100 iterations and base learner,,,,
,,,,
weka.classifiers.trees.RandomTree -K 0 -M 1.0 -V 0.001 -S 1 -do-not-check-capabilities -batch-size 200,,,,
,,,,
=== Classifier model for fold 6 ===,,,,
,,,,
RandomForest,,,,
,,,,
Bagging with 100 iterations and base learner,,,,
,,,,
weka.classifiers.trees.RandomTree -K 0 -M 1.0 -V 0.001 -S 1 -do-not-check-capabilities -batch-size 200,,,,
,,,,
=== Classifier model for fold 7 ===,,,,
,,,,
RandomForest,,,,
,,,,
Bagging with 100 iterations and base learner,,,,
,,,,
weka.classifiers.trees.RandomTree -K 0 -M 1.0 -V 0.001 -S 1 -do-not-check-capabilities -batch-size 200,,,,
,,,,
=== Classifier model for fold 8 ===,,,,
,,,,
RandomForest,,,,
,,,,
Bagging with 100 iterations and base learner,,,,
,,,,
weka.classifiers.trees.RandomTree -K 0 -M 1.0 -V 0.001 -S 1 -do-not-check-capabilities -batch-size 200,,,,
,,,,
=== Classifier model for fold 9 ===,,,,
,,,,
RandomForest,,,,
,,,,
Bagging with 100 iterations and base learner,,,,
,,,,
weka.classifiers.trees.RandomTree -K 0 -M 1.0 -V 0.001 -S 1 -do-not-check-capabilities -batch-size 200,,,,
,,,,
=== Classifier model for fold 10 ===,,,,
,,,,
RandomForest,,,,
,,,,
Bagging with 100 iterations and base learner,,,,
,,,,
weka.classifiers.trees.RandomTree -K 0 -M 1.0 -V 0.001 -S 1 -do-not-check-capabilities -batch-size 200,,,,
=== Cross-validation ===,,,,
=== Summary ===,,,,
,,,,
Correlation coefficient                  0.9985,,,,0.99700225
Mean absolute error                      0.0041,,,,
Root mean squared error                  0.0431,,,,
Relative absolute error                  0.6748 %,,,,
Root relative squared error              5.5646 %,,,,
Total Number of Instances            50000     ,,,,
